coin_id,date,price_usd
bitcoin,2025-10-03 00:00:00,120514.57785586917
bitcoin,2025-10-04 00:00:00,122294.92441742844
bitcoin,2025-10-05 00:00:00,122428.89063350527
bitcoin,2025-10-06 00:00:00,123488.7305970136
bitcoin,2025-10-07 00:00:00,124739.81088811433
bitcoin,2025-10-08 00:00:00,121463.11808164183
bitcoin,2025-10-09 00:00:00,123342.98469750278
bitcoin,2025-10-10 00:00:00,121718.66757741552
bitcoin,2025-10-11 00:00:00,113043.67586321976
bitcoin,2025-10-12 00:00:00,110655.26975977032
bitcoin,2025-10-13 00:00:00,115060.88417839336
bitcoin,2025-10-14 00:00:00,115226.58429002496
bitcoin,2025-10-15 00:00:00,113066.35078450407
bitcoin,2025-10-16 00:00:00,110844.40417180728
bitcoin,2025-10-17 00:00:00,108168.17353436728
bitcoin,2025-10-18 00:00:00,106483.89143637568
bitcoin,2025-10-19 00:00:00,107210.0961099579
bitcoin,2025-10-20 00:00:00,108655.50525004532
bitcoin,2025-10-21 00:00:00,110535.86301373685
bitcoin,2025-10-22 00:00:00,108301.75462476298
bitcoin,2025-10-23 00:00:00,107591.4605093986
bitcoin,2025-10-24 00:00:00,110109.30522515893
bitcoin,2025-10-25 00:00:00,111030.1833786475
bitcoin,2025-10-26 00:00:00,111631.63726547628
bitcoin,2025-10-27 00:00:00,114419.22169689646
bitcoin,2025-10-28 00:00:00,114085.33123756813
bitcoin,2025-10-29 00:00:00,112893.85203624627
bitcoin,2025-10-30 00:00:00,110026.087620204
bitcoin,2025-10-31 00:00:00,108409.379924928
bitcoin,2025-11-01 00:00:00,109566.6066188076
bitcoin,2025-11-02 00:00:00,110066.94174051796
bitcoin,2025-11-03 00:00:00,110499.52238345638
bitcoin,2025-11-04 00:00:00,106451.70653262926
bitcoin,2025-11-05 00:00:00,101480.76659609628
bitcoin,2025-11-06 00:00:00,103878.9335997028
bitcoin,2025-11-07 00:00:00,101261.6455104612
bitcoin,2025-11-08 00:00:00,103191.7560668328
bitcoin,2025-11-09 00:00:00,102286.82524827348
bitcoin,2025-11-10 00:00:00,104610.22853607994
bitcoin,2025-11-11 00:00:00,105951.49599987874
bitcoin,2025-11-12 00:00:00,103112.21006199118
bitcoin,2025-11-13 00:00:00,101633.69431605682
bitcoin,2025-11-14 00:00:00,99480.3070908126
bitcoin,2025-11-15 00:00:00,94772.61435799382
bitcoin,2025-11-16 00:00:00,95380.13316661112
bitcoin,2025-11-17 00:00:00,94188.27668924726
bitcoin,2025-11-18 00:00:00,92100.36452360668
bitcoin,2025-11-19 00:00:00,92903.18008511196
bitcoin,2025-11-20 00:00:00,91408.3573343969
bitcoin,2025-11-21 00:00:00,86618.47155915352
bitcoin,2025-11-22 00:00:00,85087.95256265256
bitcoin,2025-11-23 00:00:00,84675.50764856212
bitcoin,2025-11-24 00:00:00,86740.11773876166
bitcoin,2025-11-25 00:00:00,88256.04395603726
bitcoin,2025-11-26 00:00:00,87317.00455056976
bitcoin,2025-11-27 00:00:00,90515.94357835098
bitcoin,2025-11-28 00:00:00,91323.62827620257
bitcoin,2025-11-29 00:00:00,90904.86767344688
bitcoin,2025-11-30 00:00:00,90832.18685385384
bitcoin,2025-12-01 00:00:00,90359.86873169734
bitcoin,2025-12-02 00:00:00,86303.89766361401
bitcoin,2025-12-03 00:00:00,91320.07942505728
bitcoin,2025-12-04 00:00:00,93428.59451478458
bitcoin,2025-12-05 00:00:00,92119.19047831658
bitcoin,2025-12-06 00:00:00,89264.22915485654
bitcoin,2025-12-07 00:00:00,89227.45274823112
bitcoin,2025-12-08 00:00:00,90398.44875659447
bitcoin,2025-12-09 00:00:00,90626.0373431212
bitcoin,2025-12-10 00:00:00,92686.10402025311
bitcoin,2025-12-11 00:00:00,91986.58107213798
bitcoin,2025-12-12 00:00:00,92525.8680026296
bitcoin,2025-12-13 00:00:00,90260.54242242372
bitcoin,2025-12-14 00:00:00,90253.11813342397
bitcoin,2025-12-15 00:00:00,88184.41093067056
bitcoin,2025-12-16 00:00:00,86413.22138097929
bitcoin,2025-12-17 00:00:00,87719.68139798648
bitcoin,2025-12-18 00:00:00,86196.82137334664
bitcoin,2025-12-19 00:00:00,85450.17964790671
bitcoin,2025-12-20 00:00:00,88091.69571216944
bitcoin,2025-12-21 00:00:00,88348.27802016199
bitcoin,2025-12-22 00:00:00,88672.32967904503
bitcoin,2025-12-23 00:00:00,88489.72404150236
bitcoin,2025-12-24 00:00:00,87496.14669239183
bitcoin,2025-12-25 00:00:00,87589.01664996856
bitcoin,2025-12-26 00:00:00,87192.23473670239
bitcoin,2025-12-27 00:00:00,87303.04428036696
bitcoin,2025-12-28 00:00:00,87852.98655230374
bitcoin,2025-12-29 00:00:00,87867.03943448896
bitcoin,2025-12-30 00:00:00,87154.68240604762
bitcoin,2025-12-31 00:00:00,88363.72223633934
bitcoin,2026-01-01 00:00:00,87575.04615968224
bitcoin,2026-01-02 00:00:00,88764.12624075128
bitcoin,2026-01-03 00:00:00,89978.91920361611
bitcoin,2026-01-04 00:00:00,90614.40684381907
bitcoin,2026-01-05 00:00:00,91879.5772256957
bitcoin,2026-01-06 00:00:00,93879.9479734475
bitcoin,2026-01-07 00:00:00,93649.6319764084
bitcoin,2026-01-08 00:00:00,91286.03314397692
bitcoin,2026-01-09 00:00:00,91027.66616983686
bitcoin,2026-01-10 00:00:00,90551.71363174269
bitcoin,2026-01-11 00:00:00,90420.29795170767
bitcoin,2026-01-12 00:00:00,90856.55910152226
bitcoin,2026-01-13 00:00:00,91200.62761511702
bitcoin,2026-01-14 00:00:00,95429.1573224277
bitcoin,2026-01-15 00:00:00,96898.76071081961
bitcoin,2026-01-16 00:00:00,95593.30783680787
bitcoin,2026-01-17 00:00:00,95523.1861982478
bitcoin,2026-01-18 00:00:00,94802.88170431636
bitcoin,2026-01-19 00:00:00,93344.2194849136
bitcoin,2026-01-20 00:00:00,92566.01277952259
bitcoin,2026-01-21 00:00:00,88416.88686186896
bitcoin,2026-01-22 00:00:00,89453.90473719541
bitcoin,2026-01-23 00:00:00,89483.65163014928
bitcoin,2026-01-24 00:00:00,89524.84864062016
bitcoin,2026-01-25 00:00:00,89149.95970929884
bitcoin,2026-01-26 00:00:00,86625.33128140382
bitcoin,2026-01-27 00:00:00,88249.90141827049
bitcoin,2026-01-28 00:00:00,89141.65035979386
bitcoin,2026-01-29 00:00:00,89212.20824183176
bitcoin,2026-01-30 00:00:00,84630.42066738439
bitcoin,2026-01-31 00:00:00,84091.63017682909
bitcoin,2026-02-01 00:00:00,78647.02739790398
bitcoin,2026-02-02 00:00:00,76895.58665593083
bitcoin,2026-02-03 00:00:00,78670.58922752787
bitcoin,2026-02-04 00:00:00,75628.04173330522
bitcoin,2026-02-05 00:00:00,73059.17986713687
bitcoin,2026-02-06 00:00:00,62778.217566354324
bitcoin,2026-02-07 00:00:00,70272.52223140873
bitcoin,2026-02-08 00:00:00,69245.78200906444
bitcoin,2026-02-09 00:00:00,70398.0850329669
bitcoin,2026-02-10 00:00:00,70175.14749173766
bitcoin,2026-02-11 00:00:00,68841.8723764457
bitcoin,2026-02-12 00:00:00,67090.5793396472
bitcoin,2026-02-13 00:00:00,66258.52954947444
bitcoin,2026-02-14 00:00:00,68837.58112429692
bitcoin,2026-02-15 00:00:00,69799.5509626349
bitcoin,2026-02-16 00:00:00,68778.84298479716
bitcoin,2026-02-17 00:00:00,68859.77618747062
bitcoin,2026-02-18 00:00:00,67559.29573331702
bitcoin,2026-02-19 00:00:00,66426.61953458567
bitcoin,2026-02-20 00:00:00,66976.02936410521
bitcoin,2026-02-21 00:00:00,68002.9401106256
bitcoin,2026-02-22 00:00:00,68026.03124326779
bitcoin,2026-02-23 00:00:00,65192.18870120006
bitcoin,2026-02-24 00:00:00,64737.90196985264
bitcoin,2026-02-25 00:00:00,64073.54894566756
bitcoin,2026-02-26 00:00:00,67850.10521282951
bitcoin,2026-02-27 00:00:00,67496.84163950248
bitcoin,2026-02-28 00:00:00,65891.22197698704
bitcoin,2026-03-01 00:00:00,67017.07604771722
bitcoin,2026-03-02 00:00:00,65824.42166938317
bitcoin,2026-03-03 00:00:00,68815.9363388441
bitcoin,2026-03-04 00:00:00,68287.46303403362
bitcoin,2026-03-05 00:00:00,72752.30156666112
bitcoin,2026-03-06 00:00:00,70868.21819643723
bitcoin,2026-03-07 00:00:00,68142.88312387785
bitcoin,2026-03-08 00:00:00,67339.67440056572
bitcoin,2026-03-09 00:00:00,66042.7510790264
bitcoin,2026-03-10 00:00:00,68430.60926017091
bitcoin,2026-03-11 00:00:00,69849.2035305081
bitcoin,2026-03-12 00:00:00,70028.95987601393
bitcoin,2026-03-13 00:00:00,70417.19388567522
bitcoin,2026-03-14 00:00:00,70838.93230193328
bitcoin,2026-03-15 00:00:00,71149.2823885419
bitcoin,2026-03-16 00:00:00,72934.2940718683
bitcoin,2026-03-17 00:00:00,74679.37090810013
bitcoin,2026-03-18 00:00:00,74004.69080880683
bitcoin,2026-03-19 00:00:00,71220.04730260483
bitcoin,2026-03-20 00:00:00,69936.19932093748
bitcoin,2026-03-21 00:00:00,70526.28915957874
bitcoin,2026-03-22 00:00:00,68424.07687771624
bitcoin,2026-03-23 00:00:00,67933.42948137881
bitcoin,2026-03-24 00:00:00,70987.25185405998
bitcoin,2026-03-25 00:00:00,70528.86345595501
bitcoin,2026-03-26 00:00:00,71303.58545062262
bitcoin,2026-03-27 00:00:00,68727.2122901201
bitcoin,2026-03-28 00:00:00,66329.88185741157
bitcoin,2026-03-29 00:00:00,66388.84446013413
bitcoin,2026-03-30 00:00:00,65947.03192607871
bitcoin,2026-03-31 00:00:00,66691.27147786925
bitcoin,2026-04-01 00:00:00,68107.47456405059
bitcoin,2026-04-02 00:00:00,67959.87524726024
bitcoin,2026-04-03 00:00:00,66887.51063938277
bitcoin,2026-04-04 00:00:00,66822.55230312092
bitcoin,2026-04-05 00:00:00,67077.1500532805
bitcoin,2026-04-06 00:00:00,69002.03847938096
bitcoin,2026-04-07 00:00:00,68672.24657456316
bitcoin,2026-04-08 00:00:00,71661.76372427847
bitcoin,2026-04-09 00:00:00,70644.79416156793
bitcoin,2026-04-10 00:00:00,71367.80291658688
bitcoin,2026-04-11 00:00:00,72920.25491187068
bitcoin,2026-04-12 00:00:00,73021.85968305328
bitcoin,2026-04-13 00:00:00,70660.63961180339
bitcoin,2026-04-14 00:00:00,74481.64142860245
bitcoin,2026-04-15 00:00:00,74297.34759499803
bitcoin,2026-04-16 00:00:00,74826.31308825641
bitcoin,2026-04-17 00:00:00,75111.95674547968
bitcoin,2026-04-18 00:00:00,77125.73357198425
bitcoin,2026-04-19 00:00:00,75716.15083727139
bitcoin,2026-04-20 00:00:00,73841.02173808741
bitcoin,2026-04-21 00:00:00,75858.03546790924
bitcoin,2026-04-22 00:00:00,76326.19170242558
bitcoin,2026-04-23 00:00:00,78238.81675008619
bitcoin,2026-04-24 00:00:00,78275.32582745969
bitcoin,2026-04-25 00:00:00,77447.61757991764
bitcoin,2026-04-26 00:00:00,77634.51592192693
bitcoin,2026-04-27 00:00:00,78637.74356150378
bitcoin,2026-04-28 00:00:00,77366.78442217235
bitcoin,2026-04-29 00:00:00,76331.86443470464
bitcoin,2026-04-30 00:00:00,75784.95743624517
bitcoin,2026-05-01 00:00:00,76296.7964844269
bitcoin,2026-05-02 00:00:00,78207.76425489692
bitcoin,2026-05-03 00:00:00,78677.4246327222
bitcoin,2026-05-04 00:00:00,78512.09246456268
bitcoin,2026-05-05 00:00:00,79825.8751129579
bitcoin,2026-05-06 00:00:00,80913.9613749304
bitcoin,2026-05-07 00:00:00,81436.85936825167
bitcoin,2026-05-08 00:00:00,80024.90767231231
bitcoin,2026-05-09 00:00:00,80197.2669977041
bitcoin,2026-05-10 00:00:00,80677.64981723971
bitcoin,2026-05-11 00:00:00,82018.3711243874
bitcoin,2026-05-12 00:00:00,81627.56604995472
bitcoin,2026-05-13 00:00:00,80482.14377829393
bitcoin,2026-05-14 00:00:00,79288.8420865621
bitcoin,2026-05-15 00:00:00,81059.11595417073
bitcoin,2026-05-16 00:00:00,79068.6684041429
bitcoin,2026-05-17 00:00:00,78132.7535126921
bitcoin,2026-05-18 00:00:00,77428.51866052429
bitcoin,2026-05-19 00:00:00,76959.40571528324
bitcoin,2026-05-20 00:00:00,76758.73155866472
bitcoin,2026-05-21 00:00:00,77470.39614899461
bitcoin,2026-05-22 00:00:00,77550.38308320483
bitcoin,2026-05-23 00:00:00,75478.38285862996
bitcoin,2026-05-24 00:00:00,76684.37097078416
bitcoin,2026-05-25 00:00:00,77016.06581859986
bitcoin,2026-05-26 00:00:00,77258.39912360838
bitcoin,2026-05-27 00:00:00,75851.10409561773
bitcoin,2026-05-28 00:00:00,74339.61694703094
bitcoin,2026-05-29 00:00:00,73651.64255141478
bitcoin,2026-05-30 00:00:00,73500.91507629369
bitcoin,2026-05-31 00:00:00,73820.30385315015
bitcoin,2026-06-01 00:00:00,73598.6681238158
bitcoin,2026-06-02 00:00:00,71320.29306465392
bitcoin,2026-06-03 00:00:00,66727.26415497709
bitcoin,2026-06-04 00:00:00,64046.61064609333
bitcoin,2026-06-05 00:00:00,63810.65923840883
bitcoin,2026-06-06 00:00:00,60960.10140035313
bitcoin,2026-06-07 00:00:00,60855.25426528331
bitcoin,2026-06-08 00:00:00,63273.537430635515
bitcoin,2026-06-09 00:00:00,63069.147792658114
bitcoin,2026-06-10 00:00:00,61669.76384194788
bitcoin,2026-06-11 00:00:00,61480.144432833426
bitcoin,2026-06-12 00:00:00,63555.66181107698
bitcoin,2026-06-13 00:00:00,63532.27782485316
bitcoin,2026-06-14 00:00:00,64408.80975375945
bitcoin,2026-06-15 00:00:00,65709.31094599118
bitcoin,2026-06-16 00:00:00,66292.50117921834
bitcoin,2026-06-17 00:00:00,65619.28080038042
bitcoin,2026-06-18 00:00:00,64444.545329668814
bitcoin,2026-06-19 00:00:00,62897.23855524796
bitcoin,2026-06-20 00:00:00,63489.81094752525
bitcoin,2026-06-21 00:00:00,64253.39869532133
bitcoin,2026-06-22 00:00:00,63255.48525259375
bitcoin,2026-06-23 00:00:00,63937.28526422244
bitcoin,2026-06-24 00:00:00,62662.29201921944
bitcoin,2026-06-25 00:00:00,60989.57352152134
bitcoin,2026-06-26 00:00:00,59726.73653480851
bitcoin,2026-06-27 00:00:00,60022.32566638378
bitcoin,2026-06-28 00:00:00,59953.443344011124
bitcoin,2026-06-29 00:00:00,59494.606386317784
bitcoin,2026-06-30 00:00:00,60152.35872063589
bitcoin,2026-07-01 00:00:00,58566.091991843154
bitcoin,2026-07-02 00:00:00,59967.685041718134
bitcoin,2026-07-03 00:00:00,61490.21448471664
bitcoin,2026-07-04 00:00:00,62553.61289177051
bitcoin,2026-07-05 00:00:00,63088.406753852214
bitcoin,2026-07-06 00:00:00,63586.102141021256
bitcoin,2026-07-07 00:00:00,64001.23542391328
bitcoin,2026-07-08 00:00:00,63335.30929080668
bitcoin,2026-07-09 00:00:00,62247.1304822092
bitcoin,2026-07-10 00:00:00,63192.8789720319
bitcoin,2026-07-11 00:00:00,64110.97482196822
bitcoin,2026-07-12 00:00:00,63791.35305345348
bitcoin,2026-07-13 00:00:00,63746.65595793199
bitcoin,2026-07-14 00:00:00,62278.96301585648
bitcoin,2026-07-15 00:00:00,64983.51907427709
bitcoin,2026-07-16 00:00:00,64717.168891130066
bitcoin,2026-07-17 00:00:00,63792.28742743447
bitcoin,2026-07-18 00:00:00,63904.954014943025
bitcoin,2026-07-19 00:00:00,64795.70382303786
bitcoin,2026-07-20 00:00:00,64670.40117470696
bitcoin,2026-07-21 00:00:00,65184.92144270268
bitcoin,2026-07-22 00:00:00,66520.98164575922
bitcoin,2026-07-23 00:00:00,66077.05646514206
bitcoin,2026-07-24 00:00:00,65052.47667067735
bitcoin,2026-07-25 00:00:00,64092.64739795451
bitcoin,2026-07-26 00:00:00,64318.24520120312
bitcoin,2026-07-27 00:00:00,65343.824510845894
bitcoin,2026-07-28 00:00:00,63701.35288114535
bitcoin,2026-07-29 00:00:00,63881.94327943538
bitcoin,2026-07-30 00:00:00,63916.59794922001
bitcoin,2026-07-31 00:00:00,64743.33714554026
bitcoin,2026-08-01 00:00:00,62820.08613814001
bitcoin,2026-08-02 00:00:00,62772.57726413174
bitcoin,2026-08-03 00:00:00,63504.41559755184
bitcoin,2026-08-04 00:00:00,63465.19968911304
bitcoin,2026-08-05 00:00:00,64062.173729779366
bitcoin,2026-08-06 00:00:00,64608.705388357404
bitcoin,2026-08-07 00:00:00,64262.74830979173
bitcoin,2026-08-08 00:00:00,64879.7560855934
bitcoin,2026-08-09 00:00:00,64917.23929330571
bitcoin,2026-08-10 00:00:00,64856.097825382276
bitcoin,2026-08-11 00:00:00,63915.71213556821
bitcoin,2026-08-12 00:00:00,63537.55988964766
bitcoin,2026-08-13 00:00:00,63408.625697113624
bitcoin,2026-08-14 00:00:00,63429.17906286841
bitcoin,2026-08-15 00:00:00,62984.28959582886
bitcoin,2026-08-16 00:00:00,63031.04825975698
bitcoin,2026-08-17 00:00:00,62843.70368466329
bitcoin,2026-08-18 00:00:00,64491.345282946255
bitcoin,2026-08-19 00:00:00,64686.25782561655
bitcoin,2026-08-20 00:00:00,69291.0104297816
bitcoin,2026-08-21 00:00:00,73020.94563440893
bitcoin,2026-08-22 00:00:00,78317.77716345884
bitcoin,2026-08-23 00:00:00,77081.02299000922
bitcoin,2026-08-24 00:00:00,77712.3200924702
bitcoin,2026-08-25 00:00:00,78973.88693602335
bitcoin,2026-08-26 00:00:00,78511.2331116067
bitcoin,2026-08-27 00:00:00,79018.03405750773
bitcoin,2026-08-28 00:00:00,80268.37474707834
bitcoin,2026-08-29 00:00:00,77820.76428719184
bitcoin,2026-08-30 00:00:00,78225.13950818499
bitcoin,2026-08-31 00:00:00,77658.23133225394
bitcoin,2026-09-01 00:00:00,78552.77932895812
bitcoin,2026-09-02 00:00:00,77416.44110979848
bitcoin,2026-09-03 00:00:00,77297.13347191992
bitcoin,2026-09-04 00:00:00,81264.70153038795
bitcoin,2026-09-05 00:00:00,79671.25767420157
bitcoin,2026-09-06 00:00:00,79821.69873179746
bitcoin,2026-09-07 00:00:00,80329.3478460037
bitcoin,2026-09-08 00:00:00,79093.4641898418
bitcoin,2026-09-09 00:00:00,78450.75303870205
bitcoin,2026-09-10 00:00:00,78283.06047169256
bitcoin,2026-09-11 00:00:00,76554.98664973286
bitcoin,2026-09-12 00:00:00,77203.53444805603
bitcoin,2026-09-13 00:00:00,77261.62722069985
bitcoin,2026-09-14 00:00:00,76819.04496746542
bitcoin,2026-09-15 00:00:00,78173.35158344489
bitcoin,2026-09-16 00:00:00,75590.24471973324
bitcoin,2026-09-17 00:00:00,76146.81236783884
bitcoin,2026-09-18 00:00:00,76371.3617203135
bitcoin,2026-09-19 00:00:00,80873.58287659245
bitcoin,2026-09-20 00:00:00,81236.41383660372
bitcoin,2026-09-21 00:00:00,81169.03511950027
bitcoin,2026-09-22 00:00:00,86596.74004249526
bitcoin,2026-09-23 00:00:00,86183.29442787907
bitcoin,2026-09-24 00:00:00,84382.39990356649
bitcoin,2026-09-25 00:00:00,84377.96508359577
bitcoin,2026-09-26 00:00:00,84075.71659039952
bitcoin,2026-09-27 00:00:00,84416.7149816521
bitcoin,2026-09-28 00:00:00,84448.75015162026
bitcoin,2026-09-29 00:00:00,83479.2543356063
bitcoin,2026-09-30 00:00:00,83640.10160067653
bitcoin,2026-10-01 00:00:00,83576.13460018387
bitcoin,2026-10-02 00:00:00,84841.66634358242
bitcoin,2026-10-02 11:06:30,86375.23168521923
ethereum,2025-10-03 00:00:00,4484.180377056455
ethereum,2025-10-04 00:00:00,4514.148616548543
ethereum,2025-10-05 00:00:00,4488.802917459776
ethereum,2025-10-06 00:00:00,4513.31014835462
ethereum,2025-10-07 00:00:00,4690.837856263482
ethereum,2025-10-08 00:00:00,4453.781265556171
ethereum,2025-10-09 00:00:00,4526.062095378305
ethereum,2025-10-10 00:00:00,4368.419616565288
ethereum,2025-10-11 00:00:00,3841.6736803824847
ethereum,2025-10-12 00:00:00,3747.4570446607986
ethereum,2025-10-13 00:00:00,4151.918863184718
ethereum,2025-10-14 00:00:00,4245.447076633256
ethereum,2025-10-15 00:00:00,4126.235352870518
ethereum,2025-10-16 00:00:00,3991.5442355212426
ethereum,2025-10-17 00:00:00,3893.756037568491
ethereum,2025-10-18 00:00:00,3835.007248476607
ethereum,2025-10-19 00:00:00,3890.016062101197
ethereum,2025-10-20 00:00:00,3982.3558612703023
ethereum,2025-10-21 00:00:00,3980.07327974389
ethereum,2025-10-22 00:00:00,3866.151782774292
ethereum,2025-10-23 00:00:00,3805.881864350947
ethereum,2025-10-24 00:00:00,3857.590008571872
ethereum,2025-10-25 00:00:00,3935.956503436005
ethereum,2025-10-26 00:00:00,3954.0041199084208
ethereum,2025-10-27 00:00:00,4158.567621968615
ethereum,2025-10-28 00:00:00,4117.287077707286
ethereum,2025-10-29 00:00:00,3978.812010414271
ethereum,2025-10-30 00:00:00,3902.8019474292696
ethereum,2025-10-31 00:00:00,3801.551504718387
ethereum,2025-11-01 00:00:00,3846.95863062356
ethereum,2025-11-02 00:00:00,3872.926054735507
ethereum,2025-11-03 00:00:00,3905.342929555584
ethereum,2025-11-04 00:00:00,3600.363768411873
ethereum,2025-11-05 00:00:00,3285.2318395878847
ethereum,2025-11-06 00:00:00,3425.9698058908884
ethereum,2025-11-07 00:00:00,3312.4503070158717
ethereum,2025-11-08 00:00:00,3426.4012405987837
ethereum,2025-11-09 00:00:00,3399.6637755492966
ethereum,2025-11-10 00:00:00,3578.8023059041866
ethereum,2025-11-11 00:00:00,3566.049867115414
ethereum,2025-11-12 00:00:00,3416.071508998829
ethereum,2025-11-13 00:00:00,3412.5432368287225
ethereum,2025-11-14 00:00:00,3223.175778614162
ethereum,2025-11-15 00:00:00,3118.7143444311273
ethereum,2025-11-16 00:00:00,3169.6972672382008
ethereum,2025-11-17 00:00:00,3091.905045683136
ethereum,2025-11-18 00:00:00,3026.218255338726
ethereum,2025-11-19 00:00:00,3121.5138481614545
ethereum,2025-11-20 00:00:00,3020.935787720369
ethereum,2025-11-21 00:00:00,2832.5307976375693
ethereum,2025-11-22 00:00:00,2763.897390488984
ethereum,2025-11-23 00:00:00,2768.1536567521325
ethereum,2025-11-24 00:00:00,2798.913101183697
ethereum,2025-11-25 00:00:00,2952.334906852989
ethereum,2025-11-26 00:00:00,2958.5732175211965
ethereum,2025-11-27 00:00:00,3026.421534805452
ethereum,2025-11-28 00:00:00,3014.8198499491664
ethereum,2025-11-29 00:00:00,3031.245855716179
ethereum,2025-11-30 00:00:00,2989.6497957851875
ethereum,2025-12-01 00:00:00,2990.797383294047
ethereum,2025-12-02 00:00:00,2796.73386904882
ethereum,2025-12-03 00:00:00,2997.602427194639
ethereum,2025-12-04 00:00:00,3188.8819447300766
ethereum,2025-12-05 00:00:00,3134.3486408160215
ethereum,2025-12-06 00:00:00,3019.826038059256
ethereum,2025-12-07 00:00:00,3036.875646714073
ethereum,2025-12-08 00:00:00,3060.9948319527766
ethereum,2025-12-09 00:00:00,3123.8052523660685
ethereum,2025-12-10 00:00:00,3318.7209450428563
ethereum,2025-12-11 00:00:00,3323.292012600325
ethereum,2025-12-12 00:00:00,3238.4136151525354
ethereum,2025-12-13 00:00:00,3086.7327669850124
ethereum,2025-12-14 00:00:00,3115.271399958073
ethereum,2025-12-15 00:00:00,3063.5454528219575
ethereum,2025-12-16 00:00:00,2963.8945572517114
ethereum,2025-12-17 00:00:00,2957.8602493045723
ethereum,2025-12-18 00:00:00,2832.4683268792255
ethereum,2025-12-19 00:00:00,2826.6732476964435
ethereum,2025-12-20 00:00:00,2977.664503683636
ethereum,2025-12-21 00:00:00,2977.3342562903294
ethereum,2025-12-22 00:00:00,3004.2204920824893
ethereum,2025-12-23 00:00:00,3005.3755577051465
ethereum,2025-12-24 00:00:00,2965.21878516193
ethereum,2025-12-25 00:00:00,2945.367282877598
ethereum,2025-12-26 00:00:00,2901.680790122988
ethereum,2025-12-27 00:00:00,2926.4701674105486
ethereum,2025-12-28 00:00:00,2947.7123005407134
ethereum,2025-12-29 00:00:00,2948.8317693857384
ethereum,2025-12-30 00:00:00,2934.356280609806
ethereum,2025-12-31 00:00:00,2967.9804137872784
ethereum,2026-01-01 00:00:00,2970.028682356399
ethereum,2026-01-02 00:00:00,3003.8548082170178
ethereum,2026-01-03 00:00:00,3135.108477674636
ethereum,2026-01-04 00:00:00,3130.7963686371836
ethereum,2026-01-05 00:00:00,3153.1033957378954
ethereum,2026-01-06 00:00:00,3227.3933194586493
ethereum,2026-01-07 00:00:00,3291.912961414173
ethereum,2026-01-08 00:00:00,3167.4127745767946
ethereum,2026-01-09 00:00:00,3106.059127932304
ethereum,2026-01-10 00:00:00,3085.4102699805294
ethereum,2026-01-11 00:00:00,3086.1247025890502
ethereum,2026-01-12 00:00:00,3120.1733886182465
ethereum,2026-01-13 00:00:00,3091.684735239076
ethereum,2026-01-14 00:00:00,3330.50442935756
ethereum,2026-01-15 00:00:00,3351.816081641762
ethereum,2026-01-16 00:00:00,3319.2231658916444
ethereum,2026-01-17 00:00:00,3292.5138978949726
ethereum,2026-01-18 00:00:00,3307.0701203970584
ethereum,2026-01-19 00:00:00,3277.768640868265
ethereum,2026-01-20 00:00:00,3186.780739691063
ethereum,2026-01-21 00:00:00,2941.883255665837
ethereum,2026-01-22 00:00:00,2984.174965536145
ethereum,2026-01-23 00:00:00,2951.3870755868147
ethereum,2026-01-24 00:00:00,2955.1225550231966
ethereum,2026-01-25 00:00:00,2950.844309906184
ethereum,2026-01-26 00:00:00,2812.935403888694
ethereum,2026-01-27 00:00:00,2925.763833023022
ethereum,2026-01-28 00:00:00,3020.015731085415
ethereum,2026-01-29 00:00:00,3011.815000270356
ethereum,2026-01-30 00:00:00,2822.633841401332
ethereum,2026-01-31 00:00:00,2702.9166772970834
ethereum,2026-02-01 00:00:00,2450.663546893
ethereum,2026-02-02 00:00:00,2264.345387690806
ethereum,2026-02-03 00:00:00,2343.45854365222
ethereum,2026-02-04 00:00:00,2226.41311845928
ethereum,2026-02-05 00:00:00,2143.2933986604808
ethereum,2026-02-06 00:00:00,1823.8053314217489
ethereum,2026-02-07 00:00:00,2055.7743792337988
ethereum,2026-02-08 00:00:00,2087.9866273523585
ethereum,2026-02-09 00:00:00,2092.4274588224594
ethereum,2026-02-10 00:00:00,2106.7856442624457
ethereum,2026-02-11 00:00:00,2021.4415907712967
ethereum,2026-02-12 00:00:00,1944.681900647583
ethereum,2026-02-13 00:00:00,1947.8399217972387
ethereum,2026-02-14 00:00:00,2048.3187877857945
ethereum,2026-02-15 00:00:00,2085.705591574723
ethereum,2026-02-16 00:00:00,1967.5499217442239
ethereum,2026-02-17 00:00:00,1998.1759871140314
ethereum,2026-02-18 00:00:00,1994.3527116895793
ethereum,2026-02-19 00:00:00,1954.6531149212074
ethereum,2026-02-20 00:00:00,1949.6068369097477
ethereum,2026-02-21 00:00:00,1967.928380323993
ethereum,2026-02-22 00:00:00,1986.9516807466036
ethereum,2026-02-23 00:00:00,1886.450366591152
ethereum,2026-02-24 00:00:00,1859.2199106790974
ethereum,2026-02-25 00:00:00,1852.0821618898767
ethereum,2026-02-26 00:00:00,2053.097732531376
ethereum,2026-02-27 00:00:00,2027.5050759088144
ethereum,2026-02-28 00:00:00,1931.1188526606693
ethereum,2026-03-01 00:00:00,1966.7219163588757
ethereum,2026-03-02 00:00:00,1939.7957193912328
ethereum,2026-03-03 00:00:00,2028.799011354667
ethereum,2026-03-04 00:00:00,1982.9514132768732
ethereum,2026-03-05 00:00:00,2127.5791778087923
ethereum,2026-03-06 00:00:00,2073.3589471780524
ethereum,2026-03-07 00:00:00,1979.0781325827184
ethereum,2026-03-08 00:00:00,1984.4479694207268
ethereum,2026-03-09 00:00:00,1939.3917593920498
ethereum,2026-03-10 00:00:00,1992.982026905004
ethereum,2026-03-11 00:00:00,2035.1741536034772
ethereum,2026-03-12 00:00:00,2051.9341141166024
ethereum,2026-03-13 00:00:00,2071.9197307868703
ethereum,2026-03-14 00:00:00,2090.073006429967
ethereum,2026-03-15 00:00:00,2107.1131900776604
ethereum,2026-03-16 00:00:00,2182.0726576096104
ethereum,2026-03-17 00:00:00,2343.5310877349557
ethereum,2026-03-18 00:00:00,2320.9509267494554
ethereum,2026-03-19 00:00:00,2203.1349441544735
ethereum,2026-03-20 00:00:00,2139.514195287849
ethereum,2026-03-21 00:00:00,2146.578814982091
ethereum,2026-03-22 00:00:00,2066.1561868530966
ethereum,2026-03-23 00:00:00,2055.681838744274
ethereum,2026-03-24 00:00:00,2152.471302393496
ethereum,2026-03-25 00:00:00,2156.3938779843224
ethereum,2026-03-26 00:00:00,2172.4163328611644
ethereum,2026-03-27 00:00:00,2059.589104363155
ethereum,2026-03-28 00:00:00,1991.5485477905527
ethereum,2026-03-29 00:00:00,2000.0500988359693
ethereum,2026-03-30 00:00:00,1981.7423699353176
ethereum,2026-03-31 00:00:00,2024.0146470848574
ethereum,2026-04-01 00:00:00,2095.4159934323757
ethereum,2026-04-02 00:00:00,2131.5392771024462
ethereum,2026-04-03 00:00:00,2052.336230233669
ethereum,2026-04-04 00:00:00,2009.4212910268097
ethereum,2026-04-05 00:00:00,2052.0685636243165
ethereum,2026-04-06 00:00:00,2066.1981252768373
ethereum,2026-04-07 00:00:00,2100.806140265129
ethereum,2026-04-08 00:00:00,2235.8222062960863
ethereum,2026-04-09 00:00:00,2179.7915700795793
ethereum,2026-04-10 00:00:00,2177.972586699981
ethereum,2026-04-11 00:00:00,2247.4186221630807
ethereum,2026-04-12 00:00:00,2283.0571149299954
ethereum,2026-04-13 00:00:00,2189.221443884993
ethereum,2026-04-14 00:00:00,2374.0162053338927
ethereum,2026-04-15 00:00:00,2326.445177466492
ethereum,2026-04-16 00:00:00,2360.57614677394
ethereum,2026-04-17 00:00:00,2348.987492385873
ethereum,2026-04-18 00:00:00,2421.2905710664027
ethereum,2026-04-19 00:00:00,2351.4600244518356
ethereum,2026-04-20 00:00:00,2264.1941982589246
ethereum,2026-04-21 00:00:00,2314.6386071300276
ethereum,2026-04-22 00:00:00,2326.6640126907014
ethereum,2026-04-23 00:00:00,2375.7144533633987
ethereum,2026-04-24 00:00:00,2331.0953087937605
ethereum,2026-04-25 00:00:00,2315.700185661901
ethereum,2026-04-26 00:00:00,2320.566403725771
ethereum,2026-04-27 00:00:00,2369.1540292624554
ethereum,2026-04-28 00:00:00,2303.8842501308045
ethereum,2026-04-29 00:00:00,2292.7658741534183
ethereum,2026-04-30 00:00:00,2253.620049292702
ethereum,2026-05-01 00:00:00,2256.9491123703424
ethereum,2026-05-02 00:00:00,2295.583440883838
ethereum,2026-05-03 00:00:00,2322.287161264127
ethereum,2026-05-04 00:00:00,2322.5878639164766
ethereum,2026-05-05 00:00:00,2346.1713028945196
ethereum,2026-05-06 00:00:00,2360.6443662859797
ethereum,2026-05-07 00:00:00,2351.0137484161237
ethereum,2026-05-08 00:00:00,2291.302591374564
ethereum,2026-05-09 00:00:00,2307.470372982362
ethereum,2026-05-10 00:00:00,2327.1639474602157
ethereum,2026-05-11 00:00:00,2369.9648714985337
ethereum,2026-05-12 00:00:00,2338.59446825004
ethereum,2026-05-13 00:00:00,2275.747322631228
ethereum,2026-05-14 00:00:00,2258.4839088491867
ethereum,2026-05-15 00:00:00,2282.595746277603
ethereum,2026-05-16 00:00:00,2223.9374886817177
ethereum,2026-05-17 00:00:00,2180.0891100856325
ethereum,2026-05-18 00:00:00,2130.749230126177
ethereum,2026-05-19 00:00:00,2128.8927623239815
ethereum,2026-05-20 00:00:00,2109.3421375885023
ethereum,2026-05-21 00:00:00,2127.468931683584
ethereum,2026-05-22 00:00:00,2132.1443703600044
ethereum,2026-05-23 00:00:00,2064.039749218924
ethereum,2026-05-24 00:00:00,2116.4299126571727
ethereum,2026-05-25 00:00:00,2097.6582568011895
ethereum,2026-05-26 00:00:00,2110.5929717502054
ethereum,2026-05-27 00:00:00,2072.3492159738144
ethereum,2026-05-28 00:00:00,2022.465974317952
ethereum,2026-05-29 00:00:00,2008.1144631178963
ethereum,2026-05-30 00:00:00,2012.5607890669655
ethereum,2026-05-31 00:00:00,2021.665390940461
ethereum,2026-06-01 00:00:00,2005.0520566280852
ethereum,2026-06-02 00:00:00,2003.5794472377934
ethereum,2026-06-03 00:00:00,1858.3640479335945
ethereum,2026-06-04 00:00:00,1811.7149905120527
ethereum,2026-06-05 00:00:00,1769.0317333338
ethereum,2026-06-06 00:00:00,1582.4588294507628
ethereum,2026-06-07 00:00:00,1568.7027946407661
ethereum,2026-06-08 00:00:00,1687.8826846141703
ethereum,2026-06-09 00:00:00,1690.4950851700783
ethereum,2026-06-10 00:00:00,1638.7504135601862
ethereum,2026-06-11 00:00:00,1620.917390707054
ethereum,2026-06-12 00:00:00,1671.86904676229
ethereum,2026-06-13 00:00:00,1665.5551249935475
ethereum,2026-06-14 00:00:00,1680.3055520030994
ethereum,2026-06-15 00:00:00,1725.448928079916
ethereum,2026-06-16 00:00:00,1794.9576599037732
ethereum,2026-06-17 00:00:00,1791.3886783051394
ethereum,2026-06-18 00:00:00,1748.7549735206103
ethereum,2026-06-19 00:00:00,1710.079110757131
ethereum,2026-06-20 00:00:00,1708.87855388619
ethereum,2026-06-21 00:00:00,1739.2769352743533
ethereum,2026-06-22 00:00:00,1704.9130137257484
ethereum,2026-06-23 00:00:00,1725.1620208904676
ethereum,2026-06-24 00:00:00,1665.7162407218393
ethereum,2026-06-25 00:00:00,1620.6434082953833
ethereum,2026-06-26 00:00:00,1566.0081297519519
ethereum,2026-06-27 00:00:00,1576.9176481850786
ethereum,2026-06-28 00:00:00,1571.9371269098212
ethereum,2026-06-29 00:00:00,1570.0805519413402
ethereum,2026-06-30 00:00:00,1609.751185572177
ethereum,2026-07-01 00:00:00,1569.8271747749748
ethereum,2026-07-02 00:00:00,1608.254387223296
ethereum,2026-07-03 00:00:00,1698.5610521616197
ethereum,2026-07-04 00:00:00,1756.9804642496356
ethereum,2026-07-05 00:00:00,1779.908385139636
ethereum,2026-07-06 00:00:00,1784.2622991817525
ethereum,2026-07-07 00:00:00,1798.557105022033
ethereum,2026-07-08 00:00:00,1771.2223954004269
ethereum,2026-07-09 00:00:00,1742.2494536901065
ethereum,2026-07-10 00:00:00,1744.6953884606253
ethereum,2026-07-11 00:00:00,1795.2394655119474
ethereum,2026-07-12 00:00:00,1787.9485944322748
ethereum,2026-07-13 00:00:00,1805.4862853704624
ethereum,2026-07-14 00:00:00,1774.0909253483635
ethereum,2026-07-15 00:00:00,1890.3093923843837
ethereum,2026-07-16 00:00:00,1916.7586464879018
ethereum,2026-07-17 00:00:00,1863.0065007127855
ethereum,2026-07-18 00:00:00,1840.7681193183653
ethereum,2026-07-19 00:00:00,1862.32234801627
ethereum,2026-07-20 00:00:00,1870.8170349782704
ethereum,2026-07-21 00:00:00,1901.7735152870935
ethereum,2026-07-22 00:00:00,1928.6558956703082
ethereum,2026-07-23 00:00:00,1933.4132583162384
ethereum,2026-07-24 00:00:00,1877.460607698635
ethereum,2026-07-25 00:00:00,1860.4425012275274
ethereum,2026-07-26 00:00:00,1874.4572768280736
ethereum,2026-07-27 00:00:00,1952.9020070235085
ethereum,2026-07-28 00:00:00,1890.4523208978708
ethereum,2026-07-29 00:00:00,1920.4888660862466
ethereum,2026-07-30 00:00:00,1908.7417326276595
ethereum,2026-07-31 00:00:00,1917.5713635462077
ethereum,2026-08-01 00:00:00,1860.5923268286904
ethereum,2026-08-02 00:00:00,1843.443563411847
ethereum,2026-08-03 00:00:00,1882.9305589557664
ethereum,2026-08-04 00:00:00,1858.5376969949996
ethereum,2026-08-05 00:00:00,1868.621381582403
ethereum,2026-08-06 00:00:00,1907.4360439632449
ethereum,2026-08-07 00:00:00,1902.1622720657638
ethereum,2026-08-08 00:00:00,1912.9851571036106
ethereum,2026-08-09 00:00:00,1915.447810935271
ethereum,2026-08-10 00:00:00,1908.940734099038
ethereum,2026-08-11 00:00:00,1871.3976551883159
ethereum,2026-08-12 00:00:00,1880.4862005694617
ethereum,2026-08-13 00:00:00,1877.743530062547
ethereum,2026-08-14 00:00:00,1884.3941576877892
ethereum,2026-08-15 00:00:00,1880.3285280890423
ethereum,2026-08-16 00:00:00,1880.9591561894488
ethereum,2026-08-17 00:00:00,1874.401898191962
ethereum,2026-08-18 00:00:00,1912.2734691708965
ethereum,2026-08-19 00:00:00,1916.3998901478055
ethereum,2026-08-20 00:00:00,2251.7346140069594
ethereum,2026-08-21 00:00:00,2326.5282334236576
ethereum,2026-08-22 00:00:00,2514.967577695514
ethereum,2026-08-23 00:00:00,2423.4127407436827
ethereum,2026-08-24 00:00:00,2462.403924751607
ethereum,2026-08-25 00:00:00,2481.879430655568
ethereum,2026-08-26 00:00:00,2442.0111121033965
ethereum,2026-08-27 00:00:00,2506.3431057180687
ethereum,2026-08-28 00:00:00,2511.461241063819
ethereum,2026-08-29 00:00:00,2442.407614756763
ethereum,2026-08-30 00:00:00,2457.089335222437
ethereum,2026-08-31 00:00:00,2416.2418165172735
ethereum,2026-09-01 00:00:00,2466.565659094493
ethereum,2026-09-02 00:00:00,2417.6758884733536
ethereum,2026-09-03 00:00:00,2390.783044679688
ethereum,2026-09-04 00:00:00,2507.6482840896088
ethereum,2026-09-05 00:00:00,2456.085066364875
ethereum,2026-09-06 00:00:00,2480.0031686031184
ethereum,2026-09-07 00:00:00,2514.0092688310365
ethereum,2026-09-08 00:00:00,2489.3967543757462
ethereum,2026-09-09 00:00:00,2485.0697039871584
ethereum,2026-09-10 00:00:00,2467.529167979314
ethereum,2026-09-11 00:00:00,2437.514812545618
ethereum,2026-09-12 00:00:00,2514.846819245876
ethereum,2026-09-13 00:00:00,2525.267261590238
ethereum,2026-09-14 00:00:00,2476.682526163658
ethereum,2026-09-15 00:00:00,2514.759550467769
ethereum,2026-09-16 00:00:00,2397.4972601650115
ethereum,2026-09-17 00:00:00,2415.9596535242995
ethereum,2026-09-18 00:00:00,2446.143252227872
ethereum,2026-09-19 00:00:00,2611.5555571198493
ethereum,2026-09-20 00:00:00,2632.0095970320526
ethereum,2026-09-21 00:00:00,2644.7349398187544
ethereum,2026-09-22 00:00:00,2775.1686826711957
ethereum,2026-09-23 00:00:00,2752.629093198004
ethereum,2026-09-24 00:00:00,2684.342871490596
ethereum,2026-09-25 00:00:00,2687.1259839506374
ethereum,2026-09-26 00:00:00,2690.8886985219224
ethereum,2026-09-27 00:00:00,2695.6048383919747
ethereum,2026-09-28 00:00:00,2687.5352894478456
ethereum,2026-09-29 00:00:00,2687.921688219616
ethereum,2026-09-30 00:00:00,2677.3845041515556
ethereum,2026-10-01 00:00:00,2684.708553282074
ethereum,2026-10-02 00:00:00,2705.2959032354674
ethereum,2026-10-02 11:06:10,2745.8145166487943
tether,2025-10-03 00:00:00,1.0004690294217136
tether,2025-10-04 00:00:00,1.0005406899735831
tether,2025-10-05 00:00:00,1.0003775279421727
tether,2025-10-06 00:00:00,1.0002265178338232
tether,2025-10-07 00:00:00,1.000319008364658
tether,2025-10-08 00:00:00,1.0003488972071828
tether,2025-10-09 00:00:00,1.000249150782755
tether,2025-10-10 00:00:00,1.0004969645540007
tether,2025-10-11 00:00:00,1.0017394407420666
tether,2025-10-12 00:00:00,1.0015713951919227
tether,2025-10-13 00:00:00,1.0012090401312448
tether,2025-10-14 00:00:00,1.0010216081225078
tether,2025-10-15 00:00:00,1.0006626487826449
tether,2025-10-16 00:00:00,1.0007616464467108
tether,2025-10-17 00:00:00,1.0005049822947896
tether,2025-10-18 00:00:00,1.0007435264526368
tether,2025-10-19 00:00:00,1.0005842107102871
tether,2025-10-20 00:00:00,1.0005932818005
tether,2025-10-21 00:00:00,1.0005328153184754
tether,2025-10-22 00:00:00,1.0005461388459322
tether,2025-10-23 00:00:00,1.0003830538217613
tether,2025-10-24 00:00:00,1.000448974206458
tether,2025-10-25 00:00:00,1.0003900542948034
tether,2025-10-26 00:00:00,1.0003962928175032
tether,2025-10-27 00:00:00,1.0000949292803192
tether,2025-10-28 00:00:00,1.0001325669855952
tether,2025-10-29 00:00:00,1.0003165591560037
tether,2025-10-30 00:00:00,1.0003290362082176
tether,2025-10-31 00:00:00,1.0002506325997242
tether,2025-11-01 00:00:00,0.9997345661952466
tether,2025-11-02 00:00:00,0.9998709430583818
tether,2025-11-03 00:00:00,0.999993847327561
tether,2025-11-04 00:00:00,0.9999077329068164
tether,2025-11-05 00:00:00,1.0000171081502
tether,2025-11-06 00:00:00,1.0000507402754248
tether,2025-11-07 00:00:00,0.9996149674972749
tether,2025-11-08 00:00:00,0.9994755607214236
tether,2025-11-09 00:00:00,0.9997781233646436
tether,2025-11-10 00:00:00,0.999933940963397
tether,2025-11-11 00:00:00,0.9996494583348062
tether,2025-11-12 00:00:00,0.9994367482658756
tether,2025-11-13 00:00:00,0.9998498442947212
tether,2025-11-14 00:00:00,0.9995563574678672
tether,2025-11-15 00:00:00,0.9990279253079662
tether,2025-11-16 00:00:00,0.9996174180238316
tether,2025-11-17 00:00:00,0.9994664267670036
tether,2025-11-18 00:00:00,0.9990132469477836
tether,2025-11-19 00:00:00,0.9995141274387312
tether,2025-11-20 00:00:00,0.99918535555469
tether,2025-11-21 00:00:00,0.9989445543519508
tether,2025-11-22 00:00:00,0.9995821151492124
tether,2025-11-23 00:00:00,0.999622758268959
tether,2025-11-24 00:00:00,0.9998233431731418
tether,2025-11-25 00:00:00,0.9998498773358704
tether,2025-11-26 00:00:00,0.9997328728520452
tether,2025-11-27 00:00:00,0.999971476914114
tether,2025-11-28 00:00:00,0.9999848135115972
tether,2025-11-29 00:00:00,1.0002491933071564
tether,2025-11-30 00:00:00,1.0003013453160328
tether,2025-12-01 00:00:00,1.0001932588829208
tether,2025-12-02 00:00:00,1.0000766381180937
tether,2025-12-03 00:00:00,1.000358577874569
tether,2025-12-04 00:00:00,1.0002865588860543
tether,2025-12-05 00:00:00,1.0001940665839886
tether,2025-12-06 00:00:00,1.0002406986092007
tether,2025-12-07 00:00:00,1.0002620586547162
tether,2025-12-08 00:00:00,1.000217479246165
tether,2025-12-09 00:00:00,1.0001157164479302
tether,2025-12-10 00:00:00,1.000103049355251
tether,2025-12-11 00:00:00,1.000220463695655
tether,2025-12-12 00:00:00,1.0001982112594614
tether,2025-12-13 00:00:00,1.0001724526170432
tether,2025-12-14 00:00:00,1.0002048608993803
tether,2025-12-15 00:00:00,1.00019031632753
tether,2025-12-16 00:00:00,1.0000355518186628
tether,2025-12-17 00:00:00,0.9999132098992476
tether,2025-12-18 00:00:00,0.9998204078945946
tether,2025-12-19 00:00:00,0.9995585304683968
tether,2025-12-20 00:00:00,0.9994676660033008
tether,2025-12-21 00:00:00,0.999758149935464
tether,2025-12-22 00:00:00,0.9997827756969716
tether,2025-12-23 00:00:00,0.9995272845166544
tether,2025-12-24 00:00:00,0.9994763027436544
tether,2025-12-25 00:00:00,0.9995334952340048
tether,2025-12-26 00:00:00,0.9995120557594676
tether,2025-12-27 00:00:00,0.999341165090903
tether,2025-12-28 00:00:00,0.9994758580499756
tether,2025-12-29 00:00:00,0.999354656877494
tether,2025-12-30 00:00:00,0.9989103714642767
tether,2025-12-31 00:00:00,0.9990319248051008
tether,2026-01-01 00:00:00,0.9988879005551584
tether,2026-01-02 00:00:00,0.9989448058238586
tether,2026-01-03 00:00:00,0.9995758064068687
tether,2026-01-04 00:00:00,0.9996004521295695
tether,2026-01-05 00:00:00,0.9995779025232452
tether,2026-01-06 00:00:00,0.9998942037627081
tether,2026-01-07 00:00:00,0.9996472708878295
tether,2026-01-08 00:00:00,0.9993778909590088
tether,2026-01-09 00:00:00,0.9992872367962841
tether,2026-01-10 00:00:00,0.9989522729720297
tether,2026-01-11 00:00:00,0.9988980819867569
tether,2026-01-12 00:00:00,0.9988188579598742
tether,2026-01-13 00:00:00,0.9989805875441197
tether,2026-01-14 00:00:00,0.9994373788404903
tether,2026-01-15 00:00:00,0.9998590670369738
tether,2026-01-16 00:00:00,0.999674430007557
tether,2026-01-17 00:00:00,0.9996032330555287
tether,2026-01-18 00:00:00,0.9996188373857083
tether,2026-01-19 00:00:00,0.9996512104142635
tether,2026-01-20 00:00:00,0.9994784208609079
tether,2026-01-21 00:00:00,0.999075936097345
tether,2026-01-22 00:00:00,0.9992321173776572
tether,2026-01-23 00:00:00,0.9992112119866924
tether,2026-01-24 00:00:00,0.998886994335272
tether,2026-01-25 00:00:00,0.998685183580697
tether,2026-01-26 00:00:00,0.9991533365680776
tether,2026-01-27 00:00:00,0.999074158438655
tether,2026-01-28 00:00:00,0.9989729276071556
tether,2026-01-29 00:00:00,0.9988394036750715
tether,2026-01-30 00:00:00,0.9987251185933675
tether,2026-01-31 00:00:00,0.9987954497223324
tether,2026-02-01 00:00:00,0.9990619525427709
tether,2026-02-02 00:00:00,0.9992695397760992
tether,2026-02-03 00:00:00,0.9993696919978253
tether,2026-02-04 00:00:00,0.9988330241850284
tether,2026-02-05 00:00:00,0.9983598210538084
tether,2026-02-06 00:00:00,0.9985458743633499
tether,2026-02-07 00:00:00,0.9995479765642489
tether,2026-02-08 00:00:00,0.9994890411434894
tether,2026-02-09 00:00:00,0.9995790007861678
tether,2026-02-10 00:00:00,0.9995862056169436
tether,2026-02-11 00:00:00,0.999591379702612
tether,2026-02-12 00:00:00,0.9994311739035185
tether,2026-02-13 00:00:00,0.9994543164399945
tether,2026-02-14 00:00:00,0.9996421987862967
tether,2026-02-15 00:00:00,0.9997279666371912
tether,2026-02-16 00:00:00,0.999715989509018
tether,2026-02-17 00:00:00,0.999691451565424
tether,2026-02-18 00:00:00,0.9996623244124784
tether,2026-02-19 00:00:00,0.9997245880076261
tether,2026-02-20 00:00:00,0.9997577291038109
tether,2026-02-21 00:00:00,0.9997175782850583
tether,2026-02-22 00:00:00,0.9998383859547713
tether,2026-02-23 00:00:00,0.9999286964475942
tether,2026-02-24 00:00:00,0.9997767634414362
tether,2026-02-25 00:00:00,1.0000438412642458
tether,2026-02-26 00:00:00,1.0000858748187451
tether,2026-02-27 00:00:00,1.0000144763109229
tether,2026-02-28 00:00:00,1.0000281835017166
tether,2026-03-01 00:00:00,1.000102347058182
tether,2026-03-02 00:00:00,1.0000465365952496
tether,2026-03-03 00:00:00,0.9999689558728245
tether,2026-03-04 00:00:00,0.9999491043475452
tether,2026-03-05 00:00:00,1.0001020502397493
tether,2026-03-06 00:00:00,1.0000543982698527
tether,2026-03-07 00:00:00,0.9999466145059103
tether,2026-03-08 00:00:00,0.9999890272459505
tether,2026-03-09 00:00:00,0.9999745987735309
tether,2026-03-10 00:00:00,1.0000624383715133
tether,2026-03-11 00:00:00,1.0000314625277567
tether,2026-03-12 00:00:00,1.0000627699088032
tether,2026-03-13 00:00:00,1.000003898970279
tether,2026-03-14 00:00:00,1.0000688069992778
tether,2026-03-15 00:00:00,1.0000898341464455
tether,2026-03-16 00:00:00,1.0000747118431978
tether,2026-03-17 00:00:00,0.9999527472449043
tether,2026-03-18 00:00:00,1.000135884062071
tether,2026-03-19 00:00:00,0.999972208954338
tether,2026-03-20 00:00:00,1.0000096219010974
tether,2026-03-21 00:00:00,0.9998772079199817
tether,2026-03-22 00:00:00,0.9998988818551717
tether,2026-03-23 00:00:00,0.9998052514110612
tether,2026-03-24 00:00:00,0.9997778044760346
tether,2026-03-25 00:00:00,0.9996287978620707
tether,2026-03-26 00:00:00,0.9997019943765516
tether,2026-03-27 00:00:00,0.999428282642224
tether,2026-03-28 00:00:00,0.9993721293612566
tether,2026-03-29 00:00:00,0.9994121227833229
tether,2026-03-30 00:00:00,0.9994841563176875
tether,2026-03-31 00:00:00,0.999289323461007
tether,2026-04-01 00:00:00,0.9992506184240884
tether,2026-04-02 00:00:00,0.9999505995585634
tether,2026-04-03 00:00:00,1.0004665269448485
tether,2026-04-04 00:00:00,0.9999319969342069
tether,2026-04-05 00:00:00,0.9998452720540492
tether,2026-04-06 00:00:00,0.9997395269003277
tether,2026-04-07 00:00:00,1.0001087196328455
tether,2026-04-08 00:00:00,0.9998338176107432
tether,2026-04-09 00:00:00,0.9999469682230139
tether,2026-04-10 00:00:00,0.999938293786661
tether,2026-04-11 00:00:00,1.0001815106037026
tether,2026-04-12 00:00:00,1.000176032246123
tether,2026-04-13 00:00:00,1.0000602099170357
tether,2026-04-14 00:00:00,1.0001840569325096
tether,2026-04-15 00:00:00,1.0001981913398683
tether,2026-04-16 00:00:00,1.0000993859914804
tether,2026-04-17 00:00:00,1.0000078232240905
tether,2026-04-18 00:00:00,1.0001746298085643
tether,2026-04-19 00:00:00,1.0001493454331734
tether,2026-04-20 00:00:00,1.0002178969581084
tether,2026-04-21 00:00:00,1.0001718516413016
tether,2026-04-22 00:00:00,1.0001105003505013
tether,2026-04-23 00:00:00,1.0000847125747914
tether,2026-04-24 00:00:00,1.0001460056351292
tether,2026-04-25 00:00:00,1.0001199871952942
tether,2026-04-26 00:00:00,1.000137441382784
tether,2026-04-27 00:00:00,1.0000606030553172
tether,2026-04-28 00:00:00,0.999877658454086
tether,2026-04-29 00:00:00,0.9998194447281278
tether,2026-04-30 00:00:00,0.9996267653044212
tether,2026-05-01 00:00:00,0.9995499304989109
tether,2026-05-02 00:00:00,0.9997934416626284
tether,2026-05-03 00:00:00,0.9998505791173832
tether,2026-05-04 00:00:00,0.9997765173462133
tether,2026-05-05 00:00:00,0.9998102558717602
tether,2026-05-06 00:00:00,0.9998560411766596
tether,2026-05-07 00:00:00,0.9998677361650202
tether,2026-05-08 00:00:00,0.9999157782129442
tether,2026-05-09 00:00:00,0.9998927137406666
tether,2026-05-10 00:00:00,0.9998003306150335
tether,2026-05-11 00:00:00,0.9998640660008973
tether,2026-05-12 00:00:00,0.9997013714408102
tether,2026-05-13 00:00:00,0.9996977659101502
tether,2026-05-14 00:00:00,0.9996035089013227
tether,2026-05-15 00:00:00,0.9997064318591652
tether,2026-05-16 00:00:00,0.9994568397573957
tether,2026-05-17 00:00:00,0.9995742803348563
tether,2026-05-18 00:00:00,0.9995225074598388
tether,2026-05-19 00:00:00,0.9993743995163152
tether,2026-05-20 00:00:00,0.9991225751911934
tether,2026-05-21 00:00:00,0.9991363029171384
tether,2026-05-22 00:00:00,0.9991255517373622
tether,2026-05-23 00:00:00,0.9989811061160956
tether,2026-05-24 00:00:00,0.999054616238467
tether,2026-05-25 00:00:00,0.9991874192537139
tether,2026-05-26 00:00:00,0.9991929092470497
tether,2026-05-27 00:00:00,0.9987611759082343
tether,2026-05-28 00:00:00,0.9985366515587585
tether,2026-05-29 00:00:00,0.998770351225125
tether,2026-05-30 00:00:00,0.9988627393787438
tether,2026-05-31 00:00:00,0.9989151277132622
tether,2026-06-01 00:00:00,0.9990691266283961
tether,2026-06-02 00:00:00,0.9987533388492662
tether,2026-06-03 00:00:00,0.9988046100816032
tether,2026-06-04 00:00:00,0.9988904214496319
tether,2026-06-05 00:00:00,0.999201332647666
tether,2026-06-06 00:00:00,0.999642933740026
tether,2026-06-07 00:00:00,0.9996635292027043
tether,2026-06-08 00:00:00,0.9995554186560917
tether,2026-06-09 00:00:00,0.9996729672353801
tether,2026-06-10 00:00:00,0.9995193536837321
tether,2026-06-11 00:00:00,0.9992861885656859
tether,2026-06-12 00:00:00,0.9993570999235487
tether,2026-06-13 00:00:00,0.999510320142064
tether,2026-06-14 00:00:00,0.9996051588377717
tether,2026-06-15 00:00:00,0.9994561572114845
tether,2026-06-16 00:00:00,0.9994762406779987
tether,2026-06-17 00:00:00,0.9991762419588565
tether,2026-06-18 00:00:00,0.9992226023406393
tether,2026-06-19 00:00:00,0.9990628477563616
tether,2026-06-20 00:00:00,0.999163113831568
tether,2026-06-21 00:00:00,0.9989265990459126
tether,2026-06-22 00:00:00,0.9990583756576669
tether,2026-06-23 00:00:00,0.998909836253885
tether,2026-06-24 00:00:00,0.9989199887679736
tether,2026-06-25 00:00:00,0.9987043328512855
tether,2026-06-26 00:00:00,0.9988088492468622
tether,2026-06-27 00:00:00,0.9988387887149991
tether,2026-06-28 00:00:00,0.9987484803537419
tether,2026-06-29 00:00:00,0.9987192601909981
tether,2026-06-30 00:00:00,0.9987471059346845
tether,2026-07-01 00:00:00,0.9987016288620424
tether,2026-07-02 00:00:00,0.9990740518727276
tether,2026-07-03 00:00:00,0.9990157804390076
tether,2026-07-04 00:00:00,0.9991833221409386
tether,2026-07-05 00:00:00,0.9991822418187543
tether,2026-07-06 00:00:00,0.9992823268493486
tether,2026-07-07 00:00:00,0.9993923252753397
tether,2026-07-08 00:00:00,0.9994140535160283
tether,2026-07-09 00:00:00,0.9992740897896317
tether,2026-07-10 00:00:00,0.9993733502907278
tether,2026-07-11 00:00:00,0.9994579479210237
tether,2026-07-12 00:00:00,0.9995413430491851
tether,2026-07-13 00:00:00,0.9994782149381712
tether,2026-07-14 00:00:00,0.999069586810149
tether,2026-07-15 00:00:00,0.9994264369133764
tether,2026-07-16 00:00:00,0.9994413473924197
tether,2026-07-17 00:00:00,0.9994096078268669
tether,2026-07-18 00:00:00,0.9994370992206554
tether,2026-07-19 00:00:00,0.9994337449517521
tether,2026-07-20 00:00:00,0.9992984903085976
tether,2026-07-21 00:00:00,0.999361850289122
tether,2026-07-22 00:00:00,0.9994262188970253
tether,2026-07-23 00:00:00,0.9995387165809019
tether,2026-07-24 00:00:00,0.9993556921605125
tether,2026-07-25 00:00:00,0.9992388875300753
tether,2026-07-26 00:00:00,0.9992588690563055
tether,2026-07-27 00:00:00,0.9992604265910845
tether,2026-07-28 00:00:00,0.999191432250738
tether,2026-07-29 00:00:00,0.9991906195640794
tether,2026-07-30 00:00:00,0.9990496281303985
tether,2026-07-31 00:00:00,0.9993402690258781
tether,2026-08-01 00:00:00,0.9991161681748117
tether,2026-08-02 00:00:00,0.9992601141452601
tether,2026-08-03 00:00:00,0.9991060702917592
tether,2026-08-04 00:00:00,0.9991739029441313
tether,2026-08-05 00:00:00,0.999364844135701
tether,2026-08-06 00:00:00,0.9991821540010423
tether,2026-08-07 00:00:00,0.999244347066471
tether,2026-08-08 00:00:00,0.9994776147290675
tether,2026-08-09 00:00:00,0.9994009881000174
tether,2026-08-10 00:00:00,0.9993470251268441
tether,2026-08-11 00:00:00,0.9991784584441974
tether,2026-08-12 00:00:00,0.9992195426699794
tether,2026-08-13 00:00:00,0.9991141368376175
tether,2026-08-14 00:00:00,0.9991344768356838
tether,2026-08-15 00:00:00,0.9991599565146845
tether,2026-08-16 00:00:00,0.9991931311937366
tether,2026-08-17 00:00:00,0.9992046149606036
tether,2026-08-18 00:00:00,0.9992460643216048
tether,2026-08-19 00:00:00,0.9994119392179321
tether,2026-08-20 00:00:00,0.9995166270736895
tether,2026-08-21 00:00:00,0.9996912588227503
tether,2026-08-22 00:00:00,0.9998253602704854
tether,2026-08-23 00:00:00,0.9997848991914688
tether,2026-08-24 00:00:00,0.9998636509860196
tether,2026-08-25 00:00:00,0.999850092573951
tether,2026-08-26 00:00:00,0.9998784774660544
tether,2026-08-27 00:00:00,0.9999973243772576
tether,2026-08-28 00:00:00,1.000112482078496
tether,2026-08-29 00:00:00,0.9999384447041266
tether,2026-08-30 00:00:00,0.9999805588046261
tether,2026-08-31 00:00:00,0.9998963999707251
tether,2026-09-01 00:00:00,0.9997679686406538
tether,2026-09-02 00:00:00,0.9996164409411091
tether,2026-09-03 00:00:00,0.999685870685665
tether,2026-09-04 00:00:00,0.99997949460755
tether,2026-09-05 00:00:00,1.0002182059066203
tether,2026-09-06 00:00:00,1.0000643181538638
tether,2026-09-07 00:00:00,0.9999573819501033
tether,2026-09-08 00:00:00,0.9998494087849482
tether,2026-09-09 00:00:00,0.9998294771340218
tether,2026-09-10 00:00:00,0.9997364098514807
tether,2026-09-11 00:00:00,0.9997033891056128
tether,2026-09-12 00:00:00,0.9998130206767825
tether,2026-09-13 00:00:00,0.9998612255253199
tether,2026-09-14 00:00:00,0.9996891689481365
tether,2026-09-15 00:00:00,0.9998657710389633
tether,2026-09-16 00:00:00,0.9994318410764068
tether,2026-09-17 00:00:00,0.9993529811665348
tether,2026-09-18 00:00:00,0.999260614790282
tether,2026-09-19 00:00:00,0.9996902452910752
tether,2026-09-20 00:00:00,0.999596264224465
tether,2026-09-21 00:00:00,0.9997299000370392
tether,2026-09-22 00:00:00,0.9997923183508562
tether,2026-09-23 00:00:00,0.9998424952363417
tether,2026-09-24 00:00:00,0.9998275744157717
tether,2026-09-25 00:00:00,0.9996938513865365
tether,2026-09-26 00:00:00,0.999842360318399
tether,2026-09-27 00:00:00,0.9998351406047596
tether,2026-09-28 00:00:00,0.9997548751007529
tether,2026-09-29 00:00:00,0.9996773919585157
tether,2026-09-30 00:00:00,0.9996924798642834
tether,2026-10-01 00:00:00,0.9995426221846964
tether,2026-10-02 00:00:00,0.9997228229236466
tether,2026-10-02 11:06:30,0.9998005793005154
